Threads,Throughput,Response Time,Cache hits,CPU util,DB util
1,147.085,3.49711,0,11.13,74.97
2,153.786,7.16411,0,6.36,84.74
4,152.083,14.5969,0,6.23,85.21
5,151.57,20.1695,0,6.06,85.04
6,151.255,24.7043,0,6.10,85.44
8,151.724,34.87,0,6.01,85.49
10,150.791,43.5589,0,6.14,85.03
12,151.012,51.4931,0,6.20,85.31
14,151.758,58.2094,0,6.02,85.26
16,151.733,65.8399,0,6.23,85.19