Threads,Throughput,Response Time,Cache hits,CPU util,DB util
1,150.251,3.49711,0,11.13,74.97
2,163.152,7.16411,0,6.36,84.74
4,160.396,15.5995,0,6.23,85.21
5,160.066,19.8891,0,6.06,85.04
6,157.135,24.6374,0,6.10,85.44
8,157.092,33.1279,0,6.01,85.49
10,159.157,40.5184,0,6.14,85.03
12,157.826,49.6997,0,6.20,85.31
14,159.144,57.6408,0,6.02,85.26
16,159.48,65.4264,0,6.23,85.19